Name,Position,Overall Rank,Tier
Josh Allen,QB,1,1
Lamar Jackson,QB,2,1
Jayden Daniels,QB,3,1
Jalen Hurts,QB,4,1
Ja'Marr Chase,WR,5,2
Bijan Robinson,RB,6,2
Saquon Barkley,RB,7,2
Jahmyr Gibbs,RB,8,2
Justin Jefferson,WR,9,2
CeeDee Lamb,WR,10,2
Joe Burrow,QB,11,2
De'Von Achane,RB,12,3
Christian McCaffrey,RB,13,3
Nico Collins,WR,14,3
Puka Nacua,WR,15,3
Drake London,WR,16,4
Amon-Ra St. Brown,WR,17,4
Ashton Jeanty,RB,18,4
Malik Nabers,WR,19,4
Brian Thomas,WR,20,4
A.J. Brown,WR,21,4
Derrick Henry,RB,22,4
Patrick Mahomes,QB,23,4
Brock Bowers,TE,24,5
Ladd McConkey,WR,25,5
Justin Fields,QB,26,5
Bo Nix,QB,27,5
Kyler Murray,QB,28,5
Caleb Williams,QB,29,5
Baker Mayfield,QB,30,5
Chase Brown,RB,31,6
Bucky Irving,RB,32,6
Jonathan Taylor,RB,33,7
Brock Purdy,QB,34,7
Drake Maye,QB,35,7
Dak Prescott,QB,36,7
Justin Herbert,QB,37,7
Josh Jacobs,RB,38,7
Trey McBride,TE,39,7
Trevor Lawrence,QB,40,7
J.J. McCarthy,QB,41,7
Jordan Love,QB,42,7
Jared Goff,QB,43,7
Tyreek Hill,WR,44,7
Tee Higgins,WR,45,8
Davante Adams,WR,46,8
Jaxon Smith-Njigba,WR,47,8
Omarion Hampton,RB,48,8
C.J. Stroud,QB,49,8
Bryce Young,QB,50,8
Garrett Wilson,WR,51,8
Breece Hall,RB,52,9
Kyren Williams,RB,53,9
Kenneth Walker,RB,54,10
James Cook,RB,55,10
George Kittle,TE,56,10
Mike Evans,WR,57,10
Michael Penix,QB,58,10
Tua Tagovailoa,QB,59,10
Marvin Harrison,WR,60,10
Alvin Kamara,RB,61,10
Xavier Worthy,WR,62,10
DeVonta Smith,WR,63,11
Terry McLaurin,WR,64,11
James Conner,RB,65,11
DK Metcalf,WR,66,11
Tetairoa McMillan,WR,67,11
Jameson Williams,WR,68,12
Cam Ward,QB,69,12
Geno Smith,QB,70,12
Aaron Rodgers,QB,71,12
Matthew Stafford,QB,72,12
Anthony Richardson,QB,73,12
DJ Moore,WR,74,12
George Pickens,WR,75,12
Chuba Hubbard,RB,76,12
Courtland Sutton,WR,77,12
RJ Harvey,RB,78,12
TreVeyon Henderson,RB,79,12
Calvin Ridley,WR,80,12
Jaylen Waddle,WR,81,12
Travis Hunter,WR,82,13
Rashee Rice,WR,83,13
Sam Darnold,QB,84,13
D'Andre Swift,RB,85,13
Zay Flowers,WR,86,13
David Montgomery,RB,87,13
Chris Olave,WR,88,13
Jauan Jennings,WR,89,13
Aaron Jones,RB,90,13
Rome Odunze,WR,91,13
Isiah Pacheco,RB,92,14
Stefon Diggs,WR,93,14
Jakobi Meyers,WR,94,14
Khalil Shakir,WR,95,14
Joe Mixon,RB,96,14
Tony Pollard,RB,97,15
Chris Godwin,WR,98,15
Jerry Jeudy,WR,99,15
Ricky Pearsall,WR,100,15
Jayden Reed,WR,101,15
Deebo Samuel,WR,102,15
Sam LaPorta,TE,103,15
Jordan Addison,WR,104,15
Jaylen Warren,RB,105,16
Matthew Golden,WR,106,16
Kaleb Johnson,RB,107,16
T.J. Hockenson,TE,108,17
Emeka Egbuka,WR,109,17
Darnell Mooney,WR,110,17
Josh Downs,WR,111,17
Cooper Kupp,WR,112,18
Tyrone Tracy,RB,113,18
Michael Pittman,WR,114,18
Brian Robinson,RB,115,19
Mark Andrews,TE,116,19
Jayden Higgins,WR,117,19
Tre Harris,WR,118,19
Travis Etienne,RB,119,19
J.K. Dobbins,RB,120,20
Evan Engram,TE,121,20
Cam Skattebo,RB,122,20
Jordan Mason,RB,123,20
Keon Coleman,WR,124,20
Travis Kelce,TE,125,20
Rashid Shaheed,WR,126,20
Luther Burden,WR,127,20
Brandon Aiyuk,WR,128,21
Tank Bigsby,RB,129,21
Javonte Williams,RB,130,21
Zach Charbonnet,RB,131,21
Jaydon Blue,RB,132,22
David Njoku,TE,133,22
Austin Ekeler,RB,134,22
Tyjae Spears,RB,135,22
Rhamondre Stevenson,RB,136,22
Bhayshul Tuten,RB,137,22
Tucker Kraft,TE,138,23
Colston Loveland,TE,139,24
Russell Wilson,QB,140,23
Marvin Mims,WR,141,23
Quinshon Judkins,RB,142,23
Dylan Sampson,RB,143,23
Tyler Warren,TE,144,23
Ray Davis,RB,145,23
Jerome Ford,RB,146,24
Dallas Goedert,TE,147,24
Braelon Allen,RB,148,24
Christian Kirk,WR,149,24
Rachaad White,RB,150,24
Roschon Johnson,RB,151,24
Trey Benson,RB,152,24
Najee Harris,RB,153,24
Kyle Williams,WR,154,24
Jaxson Dart,QB,155,24
Daniel Jones,QB,156,24
Tyler Shough,QB,157,24
Dalton Kincaid,TE,158,24
Hollywood Brown,WR,159,24
Cedric Tillman,WR,160,24
Jaylen Wright,RB,161,24
Isaac Guerendo,RB,162,24
Jalen McMillan,WR,163,25
Jake Ferguson,TE,164,25
Rashod Bateman,WR,165,25
Kyle Pitts,TE,166,25
Adam Thielen,WR,167,25
DeMario Douglas,WR,168,26
Nick Chubb,RB,169,26
Romeo Doubs,WR,170,26
Brenton Strange,TE,171,26
Wan'Dale Robinson,WR,172,27
Xavier Legette,WR,173,27
Mike Gesicki,TE,174,28
Isaiah Likely,TE,175,28
Jack Bech,WR,176,28
Hunter Henry,TE,177,28
Rico Dowdle,RB,178,28
Pat Bryant,WR,179,28
Tyler Allgeier,RB,180,28
Brashard Smith,RB,181,28
Keenan Allen,WR,182,28
MarShawn Lloyd,RB,183,29
Zach Ertz,TE,184,29
Joe Flacco,QB,185,29
Jonnu Smith,TE,186,29
Justice Hill,RB,187,29
Quentin Johnston,WR,188,29
Chig Okonkwo,TE,189,30
Elijah Arroyo,TE,190,30
Darren Waller,TE,191,30
Mason Taylor,TE,192,30
Dont'e Thornton,WR,193,30
Pat Freiermuth,TE,194,31
Jalen Royals,WR,195,31
Blake Corum,RB,196,31
Joshua Palmer,WR,197,31
Jarquez Hunter,RB,198,32
DeAndre Hopkins,WR,199,32
Jaylin Noel,WR,200,32
Theo Johnson,TE,201,32
Alec Pierce,WR,202,32
Calvin Austin,WR,203,32
Cade Otton,TE,204,999
Shedeur Sanders,QB,205,999
Devin Neal,RB,206,999
Dalton Schultz,TE,207,999
Ja'Tavion Sanders,TE,208,999
Terrance Ferguson,TE,209,999
Jalen Milroe,QB,210,999
Kareem Hunt,RB,211,999
Juwan Johnson,TE,212,999
Cole Kmet,TE,213,999
Jalen Coker,WR,214,999
DJ Giddens,RB,215,998
Michael Wilson,WR,216,999
Tyler Lockett,WR,217,999
Will Shipley,RB,218,999
Noah Gray,TE,219,999
Ollie Gordon,RB,220,999
Kirk Cousins,QB,221,999
Elic Ayomanor,WR,222,999
Jordan James,RB,223,999
Ben Sinnott,TE,224,999
Amari Cooper,WR,225,999
